DPR412_classification,construction_year,degree_days,floors,net_area,heat_loss_surface,heated_usable_area,cooled_usable_area,heated_gross_volume,cooled_gross_volume,total_opaque_surface,total_glazed_surface,average_opaque_surface_transmittance,average_glazed_surface_transmittance,yie,Cm,surface_to_volume_ratio,Asol,system_type,nominal_power,installation_year,EPh,QHnd,QHimp,total_effective_ventilation_flow,ventilation_type,air_changes,EPv,EPc,EPl,EPt,EPgl,EPw,Interfloor,system_performance,corridor,aereo,theoric_nominal_power,Area_check,air_changes_max,cluster
4,1999,2687,,4768.197,21588.71,4768.2,0.0,25481.25,0.0,18800.2,2788.52,0.7152,3.5431,0.5508,3562140.0,0.8472,463.71,19,1418.49,1999.0,335.4546,1297539.14,1297314.72,0.0,0,0.64,0.0,0.0,41.7224,0.0,385.3553,8.1783,5.343997734994337,0.811,44303.65059785613,158.94,466.51816504,True,11.115274172185428,2
13,1970,2617,0.0,7924.462,12670.18,7924.46,7924.46,35639.21,35639.21,11626.71,2100.46,0.7588,2.9399,0.2098,2681174.0,0.3555,140.77,1,1615.2,1980.0,134.895,1186784.9,886411.48,0.0,0,1.3331,0.0,0.0,45.2868,0.4818,304.5978,123.9341,4.497367643978265,0.829,64671.38714169163,264.14866666666666,299.94979804,True,13.207726097183413,2
13,1983,2617,,7846.709,11887.51,7846.71,0.0,33742.43,0.0,11189.45,698.06,0.776,2.7851,0.4064,2832623.0,0.3523,289.52,1,1863.23,1998.0,174.8001,1029553.52,906892.38,33021.9297,2,0.64,4.4793,0.0,42.7188,0.0,222.7405,0.7423,4.30020097595043,0.661,61973.59866494336,261.557,212.54360212000003,True,13.813307873795694,2
13,1970,2617,,4985.01,7283.12,4985.01,0.0,20778.64,0.0,6578.01,964.52,1.0856,3.9927,0.5421,1082152.0,0.3505,173.0,1,1960.08,2016.0,191.8865,726466.36,726429.48,0.0,0,0.9553,0.0,0.0,52.8284,0.7557,246.1847,0.714,4.16822433656101,0.759,38498.89126215697,166.167,219.8425332,True,14.250672517546867,2
13,1990,3014,,5583.85,11462.75,5583.85,0.0,26820.03,0.0,10790.58,791.12,0.8681,3.1165,0.3282,1842434.0,0.4274,215.44,1,870.67,1990.0,230.8652,928963.58,901673.81,11106.9551,2,3.44,1.0981,0.0,70.9286,0.845,304.4034,0.6664,4.8031429927379845,0.699,47851.14826618751,186.12833333333336,236.65655956,True,12.366902274158532,2
13,1964,2617,,7100.291,7799.61,7100.29,0.0,25246.22,0.0,7169.36,630.25,1.4434,4.3343,0.723,2241545.0,0.3089,317.14,19,400.0,1997.0,181.3332,1070104.73,1070086.11,0.0,0,2.0304,0.0,0.0,50.3234,0.0,232.1123,0.4557,3.5556604026032743,0.831,49028.73481066518,236.67633333333333,261.59893598,True,16.705757376747883,2
13,1973,2617,,4749.85,9119.12,4749.85,0.0,20863.88,0.0,8149.27,969.85,1.1178,4.5489,0.2707,1889290.0,0.4371,442.92,19,600.0,2006.0,251.7367,950607.29,950578.24,0.0,0,0.64,0.0,0.0,43.0796,0.5631,296.4422,1.0628,4.392534501089508,0.795,38104.61566551878,158.32833333333335,270.42009342,True,13.522944437947304,2
13,1900,2559,,210.12,7684.66,3535.46,0.0,20733.04,0.0,6849.48,1179.09,0.928,2.2311,0.1882,747130.6,0.3706,64.38,19,800.0,2020.0,367.1928,752669.8,752279.26,0.0,0,1.0183,0.0,0.0,28.8722,0.6347,398.0284,1.3287,5.86431185758006,0.579,35308.10626890607,117.84866666666667,179.73970278,True,10.129065684530586,2
5,1960,2555,,5403.588,9203.6,5403.59,1116.24,26975.57,5057.2,8610.16,676.71,1.0352,4.2929,0.2654,2350598.0,0.3412,228.21,1,1828.91,1999.0,194.3302,895219.78,752493.66,9131.2471,2,0.64,37.2701,6.536,81.5976,3.7439,337.3183,13.8405,4.992157065950599,0.717,47669.237323911024,180.11966666666666,236.36571982,True,11.898664087542915,2
13,1902,2617,,4904.38,9356.93,4904.38,0.0,28424.26,0.0,8366.25,990.68,1.1208,3.0604,0.059,2146855.0,0.3292,415.43,19,900.0,2006.0,237.8093,931665.55,931628.3,0.0,0,0.9438,0.0,0.0,46.9222,0.1983,286.2494,1.3196,5.795688751687267,0.799,48523.54784144885,163.47933333333333,248.17540143999997,True,10.248997581643287,2
6,2000,2664,0.0,2468.991,6507.2,2468.99,2346.82,12472.83,12004.38,6349.2,157.99,1.1793,2.7643,0.4898,518058.13,0.5217,99.31,19,400.0,2000.0,916.3811,2106789.81,1511966.98,162730.9043,1,10.1459,0.0,16.9337,257.641,0.0,1232.4167,41.4609,5.051794458462773,0.668,21985.50398802655,82.29966666666665,158.48686634,True,11.758198099388832,2
13,1990,3108,,8671.28,14644.23,8745.49,0.0,42579.7,0.0,13250.63,1393.6,0.9966,3.3408,0.4616,3419997.0,0.3439,111.5,1,2030.22,2010.0,237.7271,1426804.81,1337338.23,57183.7461,2,0.918,25.103,0.0,43.7341,0.3691,307.5797,0.6464,4.86876092706069,0.643,75702.20403471917,291.5163333333333,357.22633476,True,12.20022935812136,2
13,1975,2617,0.0,4793.02,8839.37,4793.02,4793.02,21315.32,21315.32,7770.93,1446.18,0.957,4.965,0.2575,694247.3,0.4147,420.57,1,932.8,2016.0,245.7402,839153.92,839134.65,0.0,0,0.9438,0.0,0.0,35.9165,0.5267,282.4737,0.2903,4.447158576429891,0.712,38800.0672121634,159.76733333333334,292.3412742,True,13.356843247016702,2
13,1865,2617,0.0,8493.642,11196.99,8493.64,0.0,48227.46,0.0,9863.85,1556.03,0.6129,3.4573,0.2605,3069919.0,0.2322,808.68,1,1621.8,1997.0,174.1689,958431.6,958376.9,0.0,0,0.64,0.0,0.0,23.1627,0.5347,198.2347,0.3683,5.6780673539259965,0.648,82690.27978345712,283.1213333333333,228.50432368000003,True,10.46130598625762,2
4,1999,2939,,2719.379,12472.6,2719.38,0.0,14579.62,0.0,10894.49,1578.12,0.7188,3.5372,0.548,2057981.0,0.8555,263.76,19,1418.49,1999.0,352.3059,780761.2,780630.9,0.0,0,0.6369,0.0,0.0,41.1042,0.0,401.7362,8.3261,5.36137649022939,0.815,25337.027230245883,90.646,268.26170952,True,11.079244315009582,2
13,1975,2928,,5965.22,6844.72,5965.22,0.0,26787.29,0.0,5709.09,1135.63,1.2374,4.0765,0.2727,2001087.0,0.2555,360.24,1,993.78,2022.0,239.522,1131894.99,1131419.29,0.0,0,0.64,0.0,0.0,41.1777,0.0,281.1115,0.4118,4.490578721321259,0.792,48631.38072841203,198.84066666666664,233.87647322000004,True,13.227693730870126,2
13,1960,2765,,5264.121,11031.42,5264.12,0.0,29262.06,0.0,10118.99,912.43,0.9673,3.6308,0.3654,2037006.0,0.377,382.85,1,768.82,2017.0,292.0456,994719.45,994718.96,0.0,0,1.169,0.0,0.0,38.898,0.842,331.8017,0.0161,5.558775255883225,0.647,50417.94609320952,175.47066666666666,262.01899742,True,10.685807082618243,2
13,1966,2617,0.0,3520.54,6174.63,3520.54,0.0,15184.55,0.0,5461.58,1533.5,1.8376,3.8231,1.1344,1018811.0,0.4066,294.81,0,530.55,2007.0,403.1482,959444.83,959017.75,0.0,0,1.049,0.0,0.0,25.154,1.3431,431.5106,1.8652,4.313130940139865,0.676,27873.197222277784,117.35133333333332,317.97846516,True,13.77189814647125,2
13,1975,2765,,6852.97,11961.54,6852.97,0.0,36854.04,0.0,10709.15,1252.39,1.0545,2.7597,0.2271,2052328.0,0.3246,616.24,1,906.18,2010.0,183.562,953899.13,953553.49,0.0,0,0.64,0.0,0.0,35.0055,1.0602,219.9966,0.3689,5.377820127623497,0.758,63976.39322782473,228.43233333333333,294.98038716,True,11.045367563501856,2
13,1954,2617,0.0,4686.447,11050.52,4686.45,0.0,23568.7,0.0,9945.62,1547.95,1.272,5.8924,0.3601,2247080.0,0.4689,254.56,1,1060.88,2016.0,360.7488,1274292.57,1274176.18,0.0,0,1.4481,0.0,0.0,41.8326,0.933,407.8298,4.3154,5.029115855284918,0.754,41575.831146015465,156.215,435.4393844000001,True,11.811221238337286,2
13,1990,2855,,4930.2,9380.42,4930.2,0.0,23399.0,0.0,8348.1,1032.32,1.0238,3.4468,0.3458,2165029.0,0.4009,444.0,1,854.52,2009.0,252.1498,834005.05,832710.37,0.0,0,1.091,0.0,0.0,50.2079,0.0,303.8335,1.4758,4.746054926777819,0.67,41875.89552912142,164.34,242.09970712,True,12.515657934099748,2
13,1964,2617,0.0,5322.04,6628.3,5322.04,0.0,23327.84,0.0,5150.99,1461.14,1.6304,5.6855,0.4589,2237317.27,0.2841,0.04,1,667.68,2023.0,355.08,1483747.87,1483721.35,28645.1718,0,1.5666964297814,0.0,0.0,255.57,0.82,612.06,0.6,4.383251535125629,0.785,42627.3950259232,177.40133333333333,334.1097113200001,True,13.551583687130911,2
13,1983,2617,0.0,7846.709,11887.51,7846.71,0.0,33742.43,0.0,11189.45,698.06,0.776,2.7851,0.4064,2832623.0,0.3523,132.6,0,1510.81,1998.0,196.1902,1029553.52,906892.38,66043.8594,2,0.64,4.4793,0.0,42.7188,0.0,244.1306,0.7423,4.30020097595043,0.589,61973.59866494336,261.557,212.54360212000003,True,13.813307873795694,2
13,1980,2617,0.0,8489.17,15731.14,8489.17,1782.98,45615.73,8531.37,14928.6,835.54,0.6547,3.1616,0.3351,2643094.0,0.3449,205.98,0,2266.8,1982.0,229.9446,1318443.98,1318443.98,0.0,0,1.3705,0.0,0.0,187.0055,0.3424,417.2924,0.0,5.373402817943333,0.675,79197.39144876393,282.9723333333333,248.30795367999997,True,11.05444762146742,2
4,2020,2617,0.0,14382.23,19681.65,14517.56,3647.77,56752.65,13555.63,16488.61,4155.62,1.0508,0.9447,0.244,7515302.0,0.3468,587.62,1,1362.72,2019.0,71.4347,809445.46,808733.74,0.0,0,0.3616,0.0,1.9572,28.5916,1.7094,107.3612,3.6683,3.9092416356467616,0.78,107080.37144583715,483.91866666666664,425.04091204,True,15.194762958205477,2
13,1887,2617,,4735.59,8576.43,4735.59,0.0,28140.94,0.0,7490.68,1085.75,1.1161,3.2623,0.2557,1415124.0,0.3048,434.99,19,450.0,2016.0,226.2382,865587.42,865573.45,0.0,0,0.643,0.0,0.0,37.4008,0.72,264.7931,0.4341,5.942435894999355,0.808,47781.170641018325,157.853,238.04780346,True,9.995900847661806,2
13,1968,2617,,4639.22,6982.79,4639.22,0.0,18607.03,0.0,5906.06,1076.73,1.2894,2.7047,0.3111,1768178.0,0.3753,505.77,19,1403.0,2008.0,209.2058,767964.42,767943.84,0.0,0,0.3254,0.0,0.0,40.0758,0.6578,250.7101,0.7707,4.0108100068546,0.791,34855.06762381901,154.64066666666668,210.55010790000003,True,14.809976014441856,2
13,1983,2617,0.0,5537.94,8432.3,5537.94,5537.94,22883.94,22883.94,7314.62,1454.2,0.9311,4.7028,0.1557,2041208.0,0.3685,185.06,1,903.44,2016.0,253.8183,1051451.85,1051428.57,6193.511,2,1.0515,0.0,0.0,43.2051,0.683,298.3579,0.6516,4.132211616593896,0.748,42501.72175112885,184.598,272.98908883999997,True,14.37486883814588,2
13,1975,2808,,6614.879,9049.71,6614.88,0.0,29969.85,0.0,8351.23,736.24,0.8434,3.9732,0.4002,2244086.0,0.302,342.97,1,1971.57,1990.0,193.0886,1006520.09,1006495.92,0.0,0,0.64,0.0,0.0,32.8053,0.5407,227.0695,0.6349,4.530671758217836,0.788,54279.992945507205,220.496,199.37312299999996,True,13.110638591784744,2
13,1990,2815,,7654.629,12303.57,7654.63,107.9,30828.65,397.99,11115.05,1188.52,0.5908,2.9005,0.1253,2322090.0,0.3991,319.94,1,571.52,2022.0,175.7448,1105317.2,1047920.69,9531.2012,2,1.066,1.4198,2.349,49.9839,2.2457,231.7432,0.0,4.027451359503987,0.779,57672.31157888471,255.15433333333337,200.281476,True,14.748781474375296,2
13,1960,2617,,7682.262,13225.7,7682.26,0.0,49885.11,0.0,11348.66,1877.04,1.1071,3.1557,0.0877,3398401.0,0.2651,743.55,1,1161.08,2022.0,186.0162,1195421.54,1195386.62,0.0,0,0.6972,0.0,0.0,39.8191,0.5519,227.1769,0.7898,6.493546170007264,0.837,83148.0811036263,256.07533333333333,369.74953228,True,9.147544106848716,2
13,1935,2815,0.0,5141.881,9359.36,5141.88,0.0,30971.72,0.0,7574.56,432.13,1.2614,3.2603,0.1497,1482034.09,0.3022,265.71,1,636.5,2013.0,208.1599,870028.94,869863.46,47716.1268,0,1.6499,0.0,0.0,31.9169,0.0,241.8884,1.8115,6.023423339323361,0.813,52434.507169242774,171.39600000000002,219.26846846,True,9.861501782916804,2
13,1926,2617,0.0,4434.61,14395.25,8220.45,0.0,45752.48,0.0,11570.19,1635.25,0.9405,1.2753,0.2069,2304463.96,0.3146,345.04,1,1662.1,2017.0,168.9625,1020258.76,1020008.19,30606.13,0,0.81,0.0,0.0,27.1994,0.4565,198.8185,2.2001,5.56569044273732,0.734,78799.11652869255,274.01500000000004,259.34396039999996,True,10.672530319667915,2
13,1990,2870,,6557.79,13298.67,6557.79,0.0,34346.21,0.0,12035.44,1264.58,1.113,2.8829,0.3372,2225125.0,0.3872,385.24,1,1165.84,2017.0,238.6056,1159567.21,1143967.16,11899.2344,2,1.2556,2.0043,0.0,39.8674,0.6786,282.4278,1.2719,5.237467195503363,0.731,59993.786277555504,218.593,340.82204804,True,11.34135981815752,2
13,1933,2617,,9186.39,11056.96,9186.39,0.0,40104.42,0.0,8901.71,2155.25,1.0688,2.7695,0.1358,3290220.0,0.2757,990.87,19,1609.0,1998.0,154.6406,1075306.4,1075278.47,0.0,0,0.64,0.0,0.0,30.8218,0.0,185.9908,0.5284,4.365634378684119,0.757,73353.89574034535,306.21299999999997,309.66225045999994,True,13.606269982211437,2
13,1980,2751,5.0,4603.19,7878.78,4603.19,33.74,21995.76,147.0,5892.24,1986.54,1.3017,3.7948,0.626,1882270.0,0.3582,764.84,1,822.14,2015.0,237.2838,846938.16,846315.04,0.0,0,1.6137,0.0,0.2471,43.9426,0.6444,282.7543,0.6364,4.778373258544618,0.775,39297.75163140354,153.43966666666665,304.169016,True,12.431008794422198,2
13,1975,2555,0.0,3943.73,7603.03,3943.73,3943.73,17416.31,17416.31,6990.47,1222.11,0.9044,3.4715,0.3734,1839275.0,0.4365,214.0,1,550.0,2014.0,189.6717,755017.9,755017.9,0.0,0,1.2609,0.0,0.0,42.6961,0.0,232.3679,0.0,4.416202427650981,1.009,31764.457832089156,131.45766666666665,211.29471866,True,13.450470392408036,2
13,2017,2498,3.0,1393.61,3162.39,1840.25,0.0,8165.29,0.0,2859.66,302.73,2.1693,3.3701,0.7609,467452.52,0.3873,0.03,0,204.0,2015.0,374.97,1329812.76,1329812.76,1.9095,0,0.706750528207706,0.0,0.0,93.43,1.58,545.75,75.77,4.437054747996196,1.927,14880.440078972671,61.34166666666667,144.47381621999995,True,13.387258750148495,2
5,1960,2541,0.0,8813.51,11255.98,8813.51,8813.51,35370.28,35370.28,21940.04,1666.72,1.3369,3.2578,0.464,2124886.69,0.3182,0.05,1,2953.0,2018.0,385.7883,2462010.26,2459273.33,57179.89,1,8.0,72.1592,2.0755,41.0495,0.0,520.65,19.5937,4.013188843037564,0.723,66234.19034172292,293.78366666666665,695.2295978400001,True,14.801197332902088,2
4,1940,2617,0.0,11235.82,10768.98,11235.82,10748.1,43802.17,41735.93,7832.79,1434.81,1.3,5.2307,0.1049,1854444.29,0.2459,0.05,5,2319.2,2000.0,124.0616,971596.86,844586.94,15.92,2,0.48,38.0479,34.702,58.8944,88.6419,399.8675,0.0,3.8984399892486703,0.606,82715.31563004525,374.5273333333334,353.75375333999995,True,15.236864018380825,2
13,1975,2662,,3348.04,6818.77,3348.04,0.0,19624.73,0.0,5990.26,828.51,1.3562,6.0113,0.0692,594972.69,0.3475,209.03,1,799.0,2016.0,301.7769,768693.41,768693.41,7.53309,0,0.861170038335817,0.0,0.0,32.0141,0.0,334.35,0.559,5.8615578069557115,0.761,33425.001107529395,111.60133333333332,262.0882555,True,10.133824822048508,2
4,1960,2617,0.0,443.64,12398.2,10894.48,8945.66,42507.86,35440.64,10787.88,3072.97,0.8615,1.8914,0.2043,5428818.0,0.2917,264.34,4,848.9,2021.0,98.53,819356.1,819356.1,0.0,0,0.5053,0.0,11.9225,60.3867,1.086,171.9251,0.0,3.9017796168334793,0.763,80251.33200551716,363.14933333333335,302.11948156,True,15.22382241778344,2
13,1930,2939,,20888.05,26631.34,20888.05,0.0,114945.1,0.0,23804.27,3216.11,0.9051,3.1678,0.1139,10982550.0,0.2317,1128.44,1,1830.68,2017.0,202.963,2955670.53,2955239.29,0.0,0,0.3998,0.0,0.0,51.5113,0.2198,258.2815,3.5875,5.502911952049138,0.697,198453.1223017476,696.2683333333333,634.6647607,True,10.794285010844304,2
13,1975,2617,0.0,8035.05,16617.16,8035.05,8035.05,37113.34,37113.34,14737.99,2757.73,1.3957,3.2732,0.4304,3722524.0,0.4477,217.69,1,941.33,2007.0,318.4293,2383391.72,2382884.36,0.0,0,1.59,0.0,0.0,46.5677,0.5451,365.972,0.4299,4.618930809391354,0.931,66876.44152111033,267.835,591.92828958,True,12.860119029976824,2
13,1980,2778,,7314.37,8429.44,7314.37,0.0,33797.29,0.0,7572.62,856.82,0.8089,3.0539,0.2819,2359578.0,0.2494,464.85,19,1100.0,2017.0,83.1067,810420.05,809452.07,0.0,0,1.1146,0.0,0.0,92.9887,0.7565,177.1061,0.2541,4.620669996185591,1.332,60896.36673867074,243.81233333333333,174.84269831999995,True,12.855278574110528,2
13,1930,2617,0.0,10746.95,18812.64,10746.95,0.0,56230.54,0.0,15779.18,3033.46,1.2567,3.2336,0.4158,6280337.0,0.3346,1404.68,0,2076.2,1995.0,271.1348,1866285.07,1866238.51,0.0,0,0.64,0.0,0.0,36.8426,0.9012,309.6313,0.7527,5.232232400820697,0.64,98233.15351890789,358.2316666666667,592.77383524,True,11.352706731964515,2
13,1970,2537,4.0,9471.148,14511.33,9471.15,98.71,36713.88,354.27,13346.24,1165.09,0.9788,2.8044,0.6499,3345320.0,0.3953,586.26,1,2502.16,2000.0,173.3269,1328457.83,1328112.07,0.0,0,1.1146,0.0,0.0074,44.915,0.0,218.5518,0.3025,3.8763909345749985,0.809,69447.58428908279,315.705,326.61356215999996,True,15.32353186315366,2
13,1934,2617,0.0,6796.611,10422.35,6796.61,1512.99,42503.39,10364.61,8915.85,1506.5,1.2541,4.6069,0.0854,1719693.0,0.2452,591.49,1,1698.0,2022.0,246.5283,1211870.89,1188985.08,12353.6904,1,0.64,2.4825,8.5504,44.7056,0.7398,306.319,3.3123,6.253616140987934,0.71,71389.59239881056,226.55366666666663,362.4332467,True,9.498504331066298,2
13,1850,2617,,5239.42,7910.5,5239.42,0.0,28407.04,0.0,6532.22,1378.28,0.9363,4.0294,0.1028,2152300.0,0.2785,794.99,1,884.7,2021.0,195.8338,848792.34,848736.48,0.0,0,0.9336,0.0,0.0,44.2862,0.7096,242.6824,1.8528,5.4217909615949855,0.827,49224.08754342742,174.64733333333334,233.39518036,True,10.955789409949084,2
11,1971,2617,0.0,2101.21,5348.22,2101.21,2101.21,7940.19,7940.19,4760.31,451.25,1.58,4.5389,0.52,398870.88,0.6736,0.1,0,451.51,1991.0,638.1446,860007.24,859658.32,2822.5,0,4.8,0.0,13.8609,0.0178,0.0,665.1075,13.0843,3.778865510824715,0.641,15142.73403839294,70.04033333333334,191.3893685,True,15.719003449539622,2
13,1980,2815,,10307.61,13613.34,10307.61,0.0,37223.55,0.0,12039.28,1915.46,1.0388,2.6256,0.5607,3582624.0,0.3657,444.08,0,2418.66,1989.0,170.0989,1221423.98,1367507.32,62153.3984,1,4.5867,8.3972,0.0,44.6356,0.4204,224.3989,0.8468,3.611268761623694,0.78,71935.43682954069,343.58700000000005,350.7127168,True,16.44851267544337,2
13,1900,2617,,7838.22,13832.71,7838.22,0.0,44938.93,0.0,12053.59,1779.12,1.2525,3.4644,0.1623,2282394.0,0.3078,319.86,1,1161.08,2021.0,242.1769,1547770.56,1547714.69,0.0,0,0.64,0.0,0.0,41.1405,0.9527,285.5086,1.2385,5.733308072496051,0.815,76888.2025598764,261.274,425.21409606,True,10.360510764274984,2
13,1970,2537,4.0,7911.39,10723.36,7911.39,0.0,33448.02,0.0,9707.03,1016.33,0.8709,3.5945,0.713,1769351.0,0.3206,587.71,1,2605.39,2017.0,176.6411,1014976.15,1037628.51,8000.1328,2,1.8274,0.8928,0.0,39.1058,0.5552,217.7228,0.5279,4.227831013260627,0.743,61720.724190714194,263.713,242.14101224,True,14.04975738474206,2
13,1990,2617,3.0,6265.901,12495.99,6265.9,0.0,31356.87,0.0,11012.74,1483.25,0.9107,3.264,0.5489,2134979.0,0.3985,650.5,1,1161.92,2017.0,223.8847,975296.91,974273.9,0.0,0,0.7869,0.0,0.0,43.0985,0.6484,269.1744,1.5427,5.004368087585183,0.695,55376.00333682089,208.86333333333332,297.41260636,True,11.869630482889397,2
13,1850,2617,0.0,13919.69,23189.34,13919.69,0.0,79322.8,0.0,21386.06,1803.29,1.0492,4.053,0.1354,5665228.0,0.2923,849.15,1,2785.16,1997.0,213.7956,2215222.3,2215222.3,0.0,0,0.7331,0.0,0.0,45.7415,0.6081,260.1452,0.0,5.698603920058565,0.744,135886.20519160514,463.98966666666666,594.93977044,True,10.423605646800164,2
13,1900,2617,6.0,17410.1,32302.12,17410.1,0.0,101186.38,0.0,25564.79,6737.33,1.0664,3.8411,0.2284,7821177.0,0.3192,4202.77,0,2905.5,2018.0,268.9635,3372024.49,3347858.38,9464.0166,2,2.2871,3.1368,0.0,46.5999,0.0,319.2542,0.554,5.811935600599653,0.715,172587.01146571655,580.3366666666666,1062.8210063800002,True,10.220347244362332,2
5,2000,2815,5.0,30992.2006,26272.77,30992.2,30992.2,152888.97,152888.97,22279.32,3974.31,0.7972,2.189,0.2048,3011237.02,0.1718,0.02,0,8292.0,2000.0,122.76,2853671.64,2853671.64,28.9872,1,0.807546409609154,23.34,0.09,187.37,4.43,337.99,0.0,4.933143500622737,0.75,270896.401290967,1033.0733333333333,529.21676988,True,12.04100387359533,2
13,1975,2662,,3844.95,7334.96,3844.95,0.0,23974.33,0.0,6460.15,874.81,1.3348,4.4321,0.0429,412885.66,0.306,152.6,1,849.0,2016.0,222.0449,725806.18,725806.18,8.4134925,0,0.804211504207306,0.0,0.0,29.3543,0.0,251.886,0.4868,6.235277441839297,0.85,40300.30125868211,128.165,250.00507242,True,9.526440572061864,2
13,1980,2778,,15585.9,25642.89,15585.9,0.0,70500.45,0.0,22360.44,3282.45,0.7431,3.085,0.2702,5934019.0,0.3637,1701.73,19,2100.0,2017.0,116.2432,1974339.05,2010619.48,58534.6133,2,3.4509,20.3023,0.0,40.8092,0.355,177.8289,0.1192,4.523348026100514,1.11,127723.20957896202,519.53,534.84802428,True,13.131865966812978,2
13,1970,2524,0.0,11357.43,25569.21,11357.43,11357.43,50054.94,50054.94,23314.22,3477.79,1.3447,3.2464,0.4853,5201548.0,0.5108,781.95,19,1400.0,2014.0,242.2069,2714141.48,2713565.65,0.0,0,0.64,0.0,0.0,39.5237,0.6556,282.9022,0.5161,4.4072417791701115,0.986,91316.88567882589,378.581,852.8185818000001,True,13.47781741422525,2
13,1930,2617,0.0,7907.87,9644.53,7907.87,5.82,25852.93,16.29,7329.9,2314.63,1.5746,2.7385,0.3226,2454534.0,0.3731,1188.97,1,1617.5,1998.0,194.3511,1159175.36,1158942.58,0.0,0,0.64,0.0,0.0,36.9887,0.7053,233.7233,1.6783,3.2692659338102423,0.754,51583.448805553366,263.59566666666666,357.6054959,True,18.169216332539484,2
13,1968,2646,,3962.195,8289.5,3962.2,3962.2,18290.3,18290.3,7353.02,1300.02,1.1119,4.5742,0.4515,1229909.0,0.4532,349.6,19,300.0,2012.0,468.4198,1077984.58,1077982.23,0.0,0,0.9835,0.0,0.0,25.5895,3.6596,497.7635,0.0945,4.616198071778305,0.581,32970.324563207585,132.07333333333332,282.44748844,True,12.867732076565174,2
13,1975,2617,0.0,5169.27,8011.93,5169.27,0.0,26602.74,0.0,6979.9,1389.32,1.0692,5.9143,0.3492,1965010.0,0.3012,218.0,1,808.5,2016.0,264.4592,1060208.13,1060206.73,0.0,0,1.4752,0.0,0.0,43.0881,2.5564,310.1506,0.0469,5.146324335931379,0.776,46665.80804277523,172.30900000000003,313.59528711999997,True,11.542218508319069,2
13,1980,2815,,10307.61,13618.5,10307.61,0.0,37223.55,0.0,12044.44,1915.46,1.0391,2.6256,0.3923,3582624.0,0.3659,723.28,1,1470.8,2021.0,157.4179,1219080.19,1365152.22,62153.3984,1,4.5867,8.3972,0.0,44.6356,0.4204,211.3813,0.5101,3.611268761623694,0.841,71935.43682954069,343.58700000000005,350.89218759999994,True,16.44851267544337,2
7,1650,2617,0.0,14395.295,31742.44,14395.3,14395.3,132145.89,132145.89,25196.16,1525.71,1.1061,3.1876,0.0551,3014603.16,0.2402,854.34,0,2162.0,1990.0,196.0377,2729088.62,2067438.66,67542.0491,3,0.7,77.7558,32.0417,29.3144,1.0866,336.3506,0.1143,9.17979409946302,0.733,207356.08031253095,479.8433333333333,654.65651544,True,6.470733369006027,2
13,1960,2737,4.0,9453.63,15010.37,9453.63,0.0,45174.47,0.0,13500.1,1510.27,0.9928,3.2328,0.8323,3386721.0,0.3323,819.82,1,1775.88,1997.0,208.5569,1507918.61,1466090.61,15585.7656,1,1.1146,2.2469,0.0,38.5957,0.4646,250.4641,0.6001,4.778531632822525,0.744,80693.18528482095,315.121,365.7060027200001,True,12.430596795048176,2
13,1950,2617,0.0,4848.37,11076.3,4848.37,4848.37,26431.38,26431.38,10455.61,774.36,1.3344,3.0115,0.4293,2553312.0,0.4191,106.48,1,389.6,2014.0,255.9063,1096357.17,1096357.17,0.0,0,1.3861,0.0,0.0,45.0476,0.888,301.8418,0.0,5.451601259804842,0.884,45744.204338663134,161.61233333333334,325.67902247999996,True,10.895881259321309,2
13,1990,2617,,12865.3,22572.67,12865.3,1872.75,61771.01,9479.82,20719.52,2048.36,1.0723,2.4159,0.3201,4236468.0,0.3654,768.91,19,2000.0,2016.0,128.8878,2065236.42,1768905.26,44820.9609,2,1.8,8.4585,0.0,47.9051,1.6586,187.5281,0.618,4.801365689101693,1.067,110200.70192652468,428.8433333333333,543.3234844,True,12.371480084266064,2
13,1980,2714,,4628.12,8520.2,4628.12,121.19,19413.74,460.17,7707.33,812.87,1.0473,3.156,0.3173,1877121.0,0.4389,163.57,19,960.0,2016.0,211.9844,764471.27,764420.99,0.0,0,0.48,0.0,0.1813,42.0952,1.0465,257.195,1.8878,4.194735659403819,0.779,35907.22575736581,154.27066666666667,212.74608858,True,14.160606251036638,2
13,1970,2617,0.0,9205.889,11121.21,9205.89,0.0,49161.07,0.0,9252.17,1869.04,1.3028,3.0253,0.4654,3455026.0,0.2262,739.44,1,1624.89,1995.0,179.1237,1359879.14,1363008.84,7166.6436,2,0.64,1.7202,0.0,285.1128,0.8331,467.4928,0.703,5.340175691866838,0.827,85474.52711622289,306.863,354.16267576,True,11.123229539145507,2
13,1990,2617,4.0,9045.791,16310.22,9045.79,0.0,42676.16,0.0,14990.33,1319.89,0.8877,3.6867,0.3916,3556844.0,0.3822,646.85,1,1161.92,2017.0,187.3279,1245618.41,1245618.41,0.0,0,0.9692,0.0,0.0,42.9893,0.4108,230.7281,0.0,4.717792475836825,0.735,76479.85050921046,301.52633333333335,363.4590880800001,True,12.590634349482242,2
13,1930,2617,,4893.9,7076.8,4893.9,0.0,24355.4,0.0,6201.16,875.64,1.0884,5.7893,0.2286,1167667.0,0.2906,454.48,1,1161.08,2021.0,198.8501,788412.29,788386.68,1053.8035,2,0.9037,0.0,0.0,41.3153,1.3314,242.4059,0.9092,4.976685261243589,0.81,43073.27811779924,163.13,236.37370392,True,11.935655337214744,2
13,1950,2617,0.0,8515.058,12655.9,8515.06,784.42,30515.93,3140.84,10875.66,2000.07,1.1503,2.4875,0.5178,3239606.0,0.4147,1022.22,1,1996.92,2000.0,218.9396,1226944.83,1311217.37,22260.1074,1,1.0465,6.6389,7.9541,44.0712,0.8276,278.7432,0.3119,3.5837598325789837,0.703,59114.95050430393,283.8353333333333,349.70891646,True,16.57477140627862,2
13,1910,2617,0.0,4289.57,9491.37,4289.57,0.0,30008.09,0.0,8342.78,1573.03,0.9028,4.2009,0.1309,2203057.0,0.3163,257.3,1,1964.0,2016.0,299.9601,972043.31,972042.38,0.0,0,1.6364,0.0,0.0,39.9827,1.0846,341.0651,0.0377,6.9955939639637545,0.755,49309.21554158181,142.98566666666665,282.80007022,True,8.491058844464941,2
13,1975,2662,,4334.97,6082.09,4752.44,4752.44,18089.15,18089.15,5752.15,329.94,0.3733,1.6973,0.9997,863812.9,0.3362,70.99,1,584.25,2016.0,307.4192,1014054.64,1014054.64,14.5318425,0,1.7766,0.0,0.0,13.242,0.0,321.055,0.3938,3.8062868757943296,0.694,34408.81855054987,158.41466666666665,54.145695139999994,True,15.605760137983264,2
13,1975,2553,,17595.52,23889.84,17595.52,953.09,84853.3,4471.64,19667.2,4222.64,0.8347,2.8938,0.2272,8121902.0,0.2815,1788.75,19,2800.0,2017.0,103.1213,2046653.04,1923652.1,19651.6133,2,0.6972,1.6441,4.8265,68.3257,0.4317,178.8533,0.5039,4.822437756883571,1.06,151207.62762334818,586.5173333333333,572.71374944,True,12.317421809169472,2
13,1974,2553,0.0,11016.22,15662.84,11016.22,0.0,47511.57,0.0,13019.05,2643.79,1.4923,3.2658,0.5701,3270868.0,0.3297,1397.19,1,1165.84,2017.0,204.637,1848671.64,1807032.56,20003.4023,2,1.7132,1.5034,0.0,32.7625,0.6486,240.9381,1.3865,4.3128741074524655,0.802,87187.47676185724,367.20733333333334,561.2483539399999,True,13.772718266308608,2
13,1962,2637,,2172.24,18976.7,13577.55,1561.93,67445.02,16385.53,16562.58,2551.07,1.2105,3.485,0.3679,1275017.0,0.2814,979.98,19,2835.82,2010.0,287.8508,2937881.72,2544400.35,24500.0,1,1.7846,0.0,0.0,39.9272,0.2921,328.7486,0.6786,4.967392497173644,0.651,119306.99434803416,452.585,578.7896408,True,11.957983999411669,2
13,1900,2617,,16904.19,26254.38,16904.19,33.96,102658.0,207.81,22820.74,3962.59,0.7977,3.0782,0.1877,9496266.0,0.2557,1448.99,19,2800.0,2016.0,117.4262,2338242.4,2338186.54,0.0,0,0.3586,0.0,0.082,39.5521,0.7651,158.3997,0.5743,6.072932213847573,1.178,173455.7770136958,563.473,608.03497672,True,9.781107035009448,2
13,1970,2617,,6817.709,10402.74,6817.71,98.35,29514.71,404.18,9145.98,1256.76,1.176,4.8769,0.4613,1716449.0,0.3525,266.23,1,1161.08,2021.0,220.9682,1219422.28,1213731.26,1053.8035,2,0.64,2.0729,0.5406,31.4586,1.4311,257.124,0.6526,4.329123708693975,0.806,54111.21380523461,227.257,337.69530648000006,True,13.721021619389113,2
13,1965,2426,1.0,4739.23,4949.08,4739.23,0.0,16960.82,0.0,3578.64,980.92,0.8936,3.4017,0.2642,626059.26,0.2918,0.08,1,350.0,2020.0,242.1164,981156.49,980955.44,55013.38,0,1.82,0.0,0.0,0.0,0.0,243.95,1.8379,3.5788134359379056,0.855,32875.125665114014,157.9743333333333,130.69336536,True,16.59767994707803,2
13,1970,2751,0.0,5657.602,8432.09,5657.6,0.0,26746.86,0.0,6018.83,1565.45,2.0275,2.395,1.926,1064771.29,0.3153,463.69,1,830.0,2011.0,319.3392,1285712.28,1285281.51,44552.4847,0,2.0017,0.0,0.0,30.7698,0.0,355.291,5.182,4.727598274886877,0.711,47912.86744598745,188.58666666666667,319.0486115,True,12.564519349187158,2
4,1880,2578,,10013.82,16738.36,10013.82,10013.82,47944.03,47944.03,15264.41,1473.95,0.6868,2.4247,0.1704,836885.3,0.3491,755.03,5,1844.0,2012.0,85.0608,748262.24,727074.01,6956.6953,2,0.3616,3.5351,37.5361,2.4946,0.7508,138.2492,8.8718,4.787786279361922,0.854,85597.53343635747,333.794,281.14966706,True,12.406568826191709,2
6,1930,2617,0.0,2614.42,8026.75,2614.42,2395.37,18210.55,17265.31,10343.35,524.44,1.156,3.9723,0.1647,1476623.29,0.4408,0.05,19,700.0,2023.0,206.0065,916276.38,1064056.26,19.7,1,0.51,97.4774,20.2632,137.1941,20.914,488.2245,6.3692,6.96542636607737,1.976,29956.072868245516,87.14733333333334,280.80291223999996,True,8.527834030273661,2
4,1600,2617,0.0,7127.91,11442.78,7127.91,5515.99,39954.27,32057.44,10383.16,953.5,1.3875,4.3112,0.1107,1406581.93,0.2864,0.03,1,2402.03,2019.0,169.01,809044.17,808556.42,1007.0615,1,0.600851971598795,104.09,12.43,135.72,1.07,428.51,6.17,5.605327508343961,0.671,68705.35342438548,237.597,370.347274,True,10.597061440491842,2
4,1930,2617,0.0,9737.2,11661.72,9737.2,0.0,47607.4,0.0,9987.35,2218.95,0.9584,3.3837,0.1716,3411702.0,0.245,571.66,1,1570.0,2016.0,149.8503,1128577.52,1128124.21,0.0,0,0.6636,0.0,0.0,49.1864,1.4252,208.5515,8.0896,4.8892289364499035,0.773,84550.72660153803,324.5733333333334,341.6027471,True,12.149154963304024,2
13,1950,2870,0.0,4407.317,10100.19,4407.32,769.75,21037.3,3170.16,8170.83,751.48,1.3806,4.4456,0.4917,680325.93,0.4801,595.94,1,920.0,2012.0,364.0462,1194735.43,1247414.16,37944.8475,0,2.2606,0.0,2.4152,43.1511,1.1703,411.7581,0.9752,4.773263570605266,0.777,37596.163821719565,146.91066666666666,292.42854772000004,True,12.44431595309284,2
13,1600,2778,,263.98,10643.31,4590.5,4590.5,30521.77,30521.77,9776.02,1032.39,1.1259,4.3879,0.0574,1877600.0,0.3487,252.04,1,549.98,2022.0,247.7193,901188.92,901174.85,0.0,0,0.8056,0.0,0.0,30.5804,0.9262,279.7584,0.5325,6.648898812765494,0.792,50643.93072744605,153.01666666666668,310.73689998,True,8.933810195149233,2
13,1970,2639,,3716.08,9749.0,3716.08,3716.08,18347.6,18347.6,9383.49,698.16,1.1544,3.5887,0.8465,1608584.0,0.5314,64.57,1,546.64,2015.0,324.9651,1016944.5,1011437.76,382.7601,2,1.0786,0.0038,0.0,43.0632,0.0,368.2119,0.1798,4.937353340078793,0.838,32515.381982500858,123.86933333333332,266.75575296,True,12.030737099130132,2
13,1975,2662,,5060.19,11411.84,5060.19,5060.19,35304.16,35304.16,10393.13,1018.71,1.3562,3.0551,0.0964,714565.64,0.3232,387.01,1,920.0,2016.0,200.9738,831419.83,831419.83,13.662513,0,0.943611886168846,0.0,0.0,27.5265,0.0,228.8702,0.3699,6.97684474298396,0.818,58037.2757280274,168.67299999999997,344.14847653999993,True,8.513877288115621,2
4,1915,2617,0.0,1082.08,13557.76,8243.94,8243.94,35035.53,35035.53,12103.92,1766.94,0.8885,5.1623,0.1373,2239964.0,0.387,760.41,1,1417.0,2020.0,229.6332,2013648.16,1084857.34,47800.0,2,1.0331,39.4291,63.687,33.508,0.0,369.6269,3.3695,4.249852619014694,0.573,64556.706302043094,274.798,397.51614564,True,13.9769552793978,2
13,1980,2662,,5809.92,10965.57,5809.92,5809.92,32915.03,32915.03,9741.97,1223.6,1.4286,4.3408,0.0945,1225534.05,0.3331,594.12,1,1296.0,2016.0,208.9324,923340.5,923340.5,13.07232,0,0.869016541608617,0.0,0.0,27.9616,0.0,237.2161,0.3221,5.665315529301608,0.761,56469.34354348713,193.664,384.5756244399999,True,10.484852907623056,2
13,1950,2617,0.0,5729.74,12730.41,5729.74,5729.74,24133.47,24133.47,11774.92,1388.44,1.4709,2.7057,0.3734,2916134.0,0.5275,120.07,1,589.6,2014.0,267.5332,1468608.13,1468047.24,0.0,0,1.6382,0.0,0.0,46.2604,0.7525,315.5559,1.0099,4.211965987985494,0.958,44582.82427005698,190.99133333333333,421.52863872000006,True,14.1026779820722,2
13,1950,2608,0.0,2801.54,5281.46,2801.54,0.0,13955.83,0.0,4705.59,570.25,1.5636,2.994,0.3388,659492.75,0.3784,0.04,1,626.2,1992.0,412.33,816007.27,815969.99,16049.54,0,1.51172776302833,0.0,0.0,65.82,0.35,479.05,0.54,4.981485183149268,0.706,24681.862440045577,93.38466666666666,181.29978048,True,11.924154708104068,2
4,1800,2617,,6149.942,10530.24,6149.94,2601.87,37783.05,15904.04,9666.05,864.19,1.2832,4.5807,0.1795,2771446.0,0.2787,118.26,1,1740.7,2010.0,236.5228,1017697.76,1013115.1,5193.1636,1,0.379,3.2782,6.3568,71.6966,1.8096,327.7536,8.0896,6.143645303856624,0.696,63696.86395916739,204.998,327.24140986000003,True,9.66852691881677,2
5,1971,2939,0.0,37840.87,43975.64,37840.87,37840.87,148230.74,148230.74,71683.99,3262.39,1.5366,4.7587,0.3715,9514137.43,0.2967,0.02,0,6210.0,2000.0,116.0936,2316793.96,2644677.71,22.78,0,0.5,1.6001,20.4284,141.9406,3.1562,287.9361,4.7173,3.917212791354955,0.602,279494.6199329477,1261.3623333333337,2513.48708654,True,15.163843059813372,2
4,1800,2751,0.0,1105.4,3069.16,1105.4,0.0,6528.3,0.0,2847.05,221.45,1.3776,2.0544,0.1205,471578.25,0.4701,0.04,1,112.0,2016.0,199.32,1111165.96,1111165.96,0.4372,0,0.790949290814452,0.0,0.0,30.94,1.37,233.95,2.31,5.905825945359146,5.043,11112.86631504538,36.84666666666667,87.54085919999999,True,10.057864987822253,2
13,1930,2617,,4893.9,7076.8,4893.9,0.0,24355.4,0.0,6201.16,875.64,1.0884,5.7892,0.3788,1167667.0,0.2906,282.48,1,2158.83,2006.0,201.7663,788412.29,788386.68,1053.8035,2,0.9037,0.0,0.0,41.3153,1.3314,245.3221,0.9092,4.976685261243589,0.798,43073.27811779924,163.13,236.37195264000005,True,11.935655337214744,2
13,1980,2751,,6364.13,10713.86,6364.13,509.59,29392.61,2198.16,9144.04,1569.82,1.127,3.0007,0.4245,1881086.0,0.3645,262.64,1,852.14,2010.0,218.8088,941610.87,913360.17,4758.6074,2,1.1016,1.1015,5.2211,45.4329,1.3954,272.8605,0.9008,4.618480452159211,0.656,52968.28327081384,212.13766666666663,300.31783908,True,12.861373045809811,2
13,1960,2617,,4186.889,6928.42,4186.89,0.0,21075.89,0.0,6455.62,472.8,1.2569,5.6287,0.2046,1604045.0,0.3287,290.94,19,900.0,2017.0,128.0542,743589.18,743575.22,0.0,0,0.3512,0.0,0.0,41.8794,1.0307,171.5439,0.5796,5.033781637444499,1.387,37171.65475576505,139.56300000000002,215.50636276,True,11.800273487857456,2
13,1970,2737,0.0,3730.89,5397.23,3730.89,3730.89,17100.19,17100.19,4696.08,1049.84,1.2933,3.8697,0.4285,1927212.0,0.3156,158.47,1,880.0,2014.0,283.8463,802257.05,802257.05,0.0,0,0.64,0.0,0.0,39.8917,0.0,323.738,0.0,4.583407712368898,0.758,30883.13774251695,124.363,202.72012224,True,12.959789686547344,2
13,1980,2617,4.0,5727.34,10727.96,5727.34,184.69,26932.63,821.56,9641.39,1266.3,0.9548,4.393,0.2758,2368808.0,0.3983,522.21,1,743.34,2017.0,258.6083,1043587.01,1043569.92,0.0,0,0.9392,0.0,1.0326,32.9958,0.5486,293.5996,0.4144,4.702467463080592,0.705,48311.31841014118,190.91133333333337,295.36910144,True,12.63166634673257,2
4,1932,2463,,6487.06,9371.76,6487.06,6487.06,26429.55,26429.55,8702.75,669.01,1.5266,4.2368,0.3341,3084974.0,0.3546,299.58,0,569.0,1990.0,273.3438,1105310.5,1104992.86,0.0,0,0.9209,0.0,0.0,38.0027,0.0,319.8549,8.5084,4.07419539822354,0.623,49281.77560945048,216.23533333333336,322.40159436,True,14.57956582688695,2
13,1970,2617,,3983.44,7040.0,3983.44,0.0,19291.01,0.0,6300.49,739.51,0.9588,5.3642,0.3597,1669803.0,0.3649,137.17,1,499.63,2017.0,279.7574,744301.94,744285.65,0.0,0,3.44,0.0,0.0,61.43,1.3521,343.2502,0.7108,4.842801699034,0.668,34351.222048507945,132.78133333333332,200.15578708,True,12.265627149641208,2
4,1729,2617,,12858.15,32114.07,19476.05,0.0,90184.53,0.0,29050.58,3059.62,0.8921,3.9014,0.1324,5347264.0,0.3561,1861.19,1,2547.0,2019.0,122.6505,1792135.83,1775366.62,0.0,0,0.4114,0.0,0.0,28.2558,1.3762,157.8479,5.5654,4.6305349390661865,0.743,162382.55137225904,649.2016666666666,757.05647772,True,12.8278915463661,2
13,1100,2666,0.0,4875.16,12012.28,4875.16,4875.16,31543.33,31543.33,11247.17,938.01,0.8261,4.3548,0.0466,1982020.0,0.3808,350.27,1,612.63,2000.0,282.9892,1025573.13,1025555.21,0.0,0,0.7069,0.0,0.0,32.1492,0.5471,315.8531,0.1677,6.470214310914924,0.743,52621.134673940505,162.50533333333334,267.5226617,True,9.180530527372982,2
13,1800,2815,,3320.59,8511.47,3320.59,0.0,23846.75,0.0,7369.14,1142.33,1.1087,4.7651,0.0058,1765599.0,0.3569,496.99,19,535.0,2003.0,491.1781,934802.69,934778.34,0.0,0,3.44,0.0,0.0,40.3651,1.0113,533.5075,0.9531,7.181479797264943,0.573,38998.95226884915,110.68633333333334,272.26964402,True,8.271275792298741,2
13,1975,2662,,4334.97,6082.09,4752.44,4752.44,18089.15,18089.15,5752.15,329.94,0.3733,1.6973,0.9997,863812.9,0.3362,70.99,1,1035.75,2016.0,263.9418,1014054.64,1014054.64,14.5318425,0,1.7766,0.0,0.0,14.5186,0.0,278.8542,0.3938,3.8062868757943296,0.808,34408.81855054987,158.41466666666665,54.145695139999994,True,15.605760137983264,2
13,1970,2617,6.0,5660.931,11432.67,5660.93,0.0,25249.02,0.0,10544.49,888.18,1.2509,3.3446,0.3873,1914332.0,0.4528,360.77,1,1543.87,1996.0,172.389,804043.65,804020.37,0.0,0,0.64,0.0,0.0,37.3371,3.093,213.5336,0.7145,4.460224733391863,0.824,45922.14741838622,188.69766666666663,323.21418737999994,True,13.317714588526606,2
13,1971,2815,1.0,1438.0598,3931.09,1853.14,0.0,9326.4,0.0,3681.96,413.6,1.183,4.9079,0.8769,432948.45,0.4215,0.03,0,698.0,1999.0,397.31,828716.72,828630.91,1.9906,0,1.65208520143839,0.0,0.0,119.85,0.0,521.69,4.53,5.032755215472117,1.125,16458.25221913479,61.77133333333334,127.7133224,True,11.802680133813691,2
4,2000,2617,1.0,5049.4901,7331.43,5049.49,3546.33,23205.53,17141.49,6182.04,1230.09,1.6539,4.4991,0.1175,927891.99,0.3159,0.06,1,9691.2,1999.0,270.84,808394.03,808394.03,7281.5908,0,0.3605111928,0.0,2.76,135.52,0.64,409.76,0.0,4.59561856741968,0.591,41875.48352236892,168.31633333333332,315.1754775,True,12.925354689162456,2
13,1975,2617,0.0,3871.5,7302.33,3871.5,0.0,17472.14,0.0,6554.41,1303.81,1.0411,5.4747,0.2575,1642148.0,0.4179,168.92,1,539.0,2016.0,307.3917,905261.77,905254.78,0.0,0,1.4349,0.0,0.0,43.5453,0.4107,351.6611,0.3134,4.513015627017952,0.761,31682.96989959423,129.05,279.23529715999996,True,13.161930936908702,2
13,1970,2781,0.0,1469.42,8862.75,4652.22,0.0,18442.47,0.0,8244.08,860.83,1.6873,3.5513,0.7085,2219195.0,0.4806,189.84,1,488.55,2019.0,238.6607,912355.84,912122.22,0.0,0,0.5495,0.0,0.0,41.352,0.5339,283.2759,2.7292,3.964229980525426,0.822,34663.63082947646,155.074,339.34603525999995,True,14.983994443260585,2
13,1981,3231,0.0,2641.181,5604.87,2641.18,0.0,14037.03,0.0,4738.44,349.25,1.9562,3.6899,1.3109,675548.83,0.3993,261.8,1,459.6,2019.0,727.3829,1446424.46,1446413.57,63485.2458,0,4.08,0.0,0.0,33.2234,1.3174,766.8861,4.9624,5.31468131668421,0.753,24444.303578833777,88.03933333333333,211.16067806,True,11.176587355017404,2
13,1980,2815,0.0,1623.17,3739.16,1988.27,0.0,8093.85,0.0,3385.98,337.29,1.2546,5.944,0.3645,456528.74,0.462,0.04,1,1790.0,1998.0,337.82,846773.23,846773.23,1.9842,0,1.3044966732332,0.0,0.0,117.5,1.83,458.19,1.04,4.070800243427704,1.261,15104.2242611954,66.27566666666667,125.05804536,True,14.591725569413812,2
13,1969,2815,,6483.91,10409.85,6483.91,0.0,30254.25,0.0,9185.23,1224.62,0.9885,2.8178,0.2617,2574039.0,0.3441,591.57,1,1161.08,2021.0,215.0868,1117886.86,1117638.95,0.0,0,1.13,0.0,0.0,37.3349,1.0353,253.8211,0.3641,4.666050269050619,0.801,54376.33838336529,216.13033333333337,250.60668182,True,12.730252906616428,2
4,1959,2617,0.0,9335.299,11733.65,9335.3,8116.34,33701.71,28816.85,10166.74,2339.92,1.1581,2.9743,0.7268,2236010.0,0.3482,236.51,1,1353.78,2016.0,129.8706,873295.94,706443.89,72073.9688,2,8.24,20.8161,61.1309,67.7763,4.0148,283.6086,0.0,3.610136792604416,0.583,65136.74374371115,311.1766666666666,374.67451299999993,True,16.45367015501587,2
13,1980,2540,0.0,7181.22,9231.84,7181.22,7181.22,26279.19,26279.19,8319.21,1488.43,0.7383,5.191,0.1856,1523253.0,0.3513,164.85,1,620.2,2015.0,161.8962,1169081.36,1167946.89,0.0,0,1.0991,0.0,0.0,42.8649,0.6117,206.1799,0.8071,3.659432519822537,1.005,50581.37411151296,239.374,277.37025746,True,16.232024959673414,2
13,1950,2617,0.0,9588.102,10482.04,9588.1,0.0,47460.0,0.0,7949.63,2532.41,0.4727,1.4726,0.0089,3182782.0,0.2209,533.21,19,1300.0,1996.0,62.6669,842073.68,768952.95,7494.0938,2,0.8035,2.211,0.0,44.0819,0.7686,110.4034,0.675,4.949885795934543,1.28,84031.90314575989,319.60333333333335,149.74034134,True,12.000276864728194,2
4,2008,2617,,20084.73,24128.76,20084.73,16040.04,84481.36,65452.13,21009.11,3119.65,1.2542,3.4105,0.1272,3981224.0,0.2856,1505.17,19,3981.0,2008.0,113.2849,2265323.75,2376701.29,90574.4219,2,11.7931,3.3923,1822.6177,55.7339,0.9183,1997.5186,1.5716,4.206248229376247,1.045,156093.49928732376,669.491,739.7838417400001,True,14.121848440886842,2
13,1960,2617,,7278.681,15684.74,7278.68,0.0,37521.37,0.0,14567.43,1117.31,1.0294,3.4309,0.5744,3555748.0,0.418,574.45,1,2136.43,1994.0,270.7929,1474146.94,1474107.37,0.0,0,1.0071,0.0,0.0,43.1512,0.0,314.8887,0.9447,5.154969032846616,0.748,65786.21963578073,242.62266666666667,376.58182642,True,11.522862624685612,2
13,1905,2617,0.0,3352.58,7587.6,3352.58,0.0,21135.62,0.0,6889.09,907.09,1.0561,4.781,0.2729,1057361.0,0.359,127.98,1,915.34,2016.0,307.388,762536.16,762531.51,0.0,0,1.681,0.0,0.0,28.138,1.6562,337.4235,0.2413,6.304285058074677,0.74,35450.66835905019,111.75266666666668,232.24730478,True,9.422162775447326,2
13,1979,2639,1.0,3150.0,5088.03,3150.0,0.0,13602.98,0.0,4837.14,250.89,2.5228,3.0753,1.1786,397256.09,0.374,110.95,0,300.0,1990.0,512.6452,970564.16,969697.45,30618.0,0,3.18982024574264,13.4967,0.0,105.27,1.3651,635.1473,2.3703,4.318406349206349,0.6,24963.052583388704,105.0,259.49397618,True,13.75507425578807,2
4,1978,2617,,4123.0,6200.42,4123.0,2949.0,16350.0,12115.83,5296.63,1903.24,2.0309,3.8406,0.7742,789155.8,0.3792,234.72,0,1000.0,2005.0,261.1597,876254.54,669814.23,24164.5371,2,5.9664,27.7649,47.3735,47.8547,10.4739,402.7163,8.0896,3.9655590589376666,0.622,30729.082723688436,137.43333333333334,361.33018822,True,14.978972477064222,2
13,1966,2628,0.0,9516.87,9881.05,9516.87,9516.87,34511.13,34511.13,9161.45,1245.6,1.738,2.5513,0.6644,3515391.0,0.2863,554.26,0,2139.4,1995.0,243.5286,1541626.16,1541626.16,0.0,0,1.2526,0.0,0.0,65.0555,0.4653,309.0495,0.0,3.626310961482083,0.665,66608.7168398612,317.22900000000004,382.0099876,True,16.380283056509597,2
13,1980,2687,0.0,10409.72,25582.12,10409.72,4748.45,42947.42,19781.56,23924.87,1657.25,0.815,3.3341,0.1924,5016937.0,0.5957,748.25,31,9139.09,2000.0,266.328,1954218.15,1855038.2,42368.7812,1,3.4105,0.0,0.0,56.0535,0.0,322.552,0.1704,4.1257036692629585,0.669,79789.6493590698,346.99066666666664,500.48412549999995,True,14.397543973537871,2
13,1968,2617,,4698.09,6596.0,4698.09,128.21,17556.89,460.58,5609.51,986.49,1.2882,2.7287,0.305,1718983.0,0.3757,435.11,19,1403.0,2008.0,193.8445,717395.73,717367.89,0.0,0,1.049,0.0,0.8046,49.2254,113.9722,358.8763,1.0297,3.7370271748731927,0.788,33581.38309702849,156.603,198.3601209,True,15.894987437980191,2
5,2004,2975,0.0,3052.515,6497.05,3052.52,0.0,12588.43,0.0,6239.64,251.57,1.3427,2.2076,0.4806,1075651.54,0.5161,139.33,1,424.35,2012.0,308.559,850801.88,847525.36,16594.718,0,2.308,0.0,0.0,66.1219,1.6478,410.1884,33.8597,4.123946771847523,0.9,23398.907034113996,101.75066666666666,178.6666112,True,14.403677662742693,2
13,1965,2751,,3452.25,9236.19,3452.25,3452.25,25318.42,25318.42,8577.89,1165.99,0.9362,2.3485,0.2333,1737485.0,0.3648,114.09,1,891.9,2012.0,343.2368,784533.99,783531.04,0.0,0,0.8425,0.0,0.0,30.1211,0.7164,392.3499,18.2756,7.333889492360054,0.661,41246.38918785692,115.075,215.37896266,True,8.09938574366015,2
5,1970,2542,,5758.56,6349.25,5758.56,4434.35,21590.86,16625.94,5887.81,899.02,1.2875,4.2297,0.4203,1799347.0,0.2941,318.19,1,709.0,2019.0,150.8915,726238.61,667989.57,2426.6189,2,1.008,35.0956,15.5068,119.6339,3.8654,330.7431,5.7499,3.749350532077464,0.769,41253.62138492957,191.95200000000003,227.66280538000004,True,15.842743827712283,2
13,1980,2687,0.0,6814.55,18248.9,6814.55,2105.69,27946.55,8488.71,16847.9,1401.0,0.7841,3.2591,0.202,3367323.0,0.653,664.9,31,9139.09,2000.0,272.2031,1263079.93,1203536.15,19295.4434,1,1.9235,5.1847,0.0,53.3412,0.9373,332.2651,0.5988,4.101011805621794,0.649,52012.81505092075,227.15166666666667,355.5287498,True,14.484230432736778,2
11,1991,3012,,7847.99,11381.71,7847.99,0.0,73699.0,0.0,10899.25,994.62,0.9512,3.0155,0.2369,1877990.0,0.1544,217.42,1,2843.76,2021.0,542.2484,2944420.48,2528718.24,127211.9688,2,1.863,23.8624,0.0,121.9507,0.0,688.9598,0.8983,9.390812169740276,0.594,115267.06553728442,261.5996666666667,267.3328642000001,True,6.325331497035238,2
4,1900,2559,1.0,5228.79,8957.3,5228.79,5228.79,26761.81,26761.81,6337.68,811.17,0.8066,3.0827,0.0564,1402305.97,0.3347,163.87,31,936.0,2022.0,284.0459,1522158.69,1521913.16,59133.44,0,0.44,0.0,0.0,76.8595,2.1142,371.176,8.1564,5.118165005670528,1.025,47006.54620044337,174.293,152.25132893999998,True,11.60572195976281,2
13,1980,2617,0.0,7019.79,11434.61,8224.64,8224.64,38926.59,38926.59,10437.67,996.94,0.4341,2.2852,0.1668,1929903.0,0.2937,346.81,1,1847.8,2017.0,131.6104,883330.75,880742.98,0.0,0,0.3583,0.0,0.0,49.6115,0.4519,197.4429,15.7692,4.73292326472648,0.814,69704.4936535151,274.1546666666666,136.1839967,True,12.550383067204192,2
13,1958,2617,,654.3001,12641.51,8139.56,0.0,36086.13,0.0,10753.89,1887.62,1.47,3.5019,0.3939,4344067.0,0.3503,991.41,1,1818.66,2023.0,265.8738,1529725.64,1343405.96,36931.5547,2,1.6612,9.8891,0.0,23.6103,1.443,304.325,3.509,4.433425148288113,0.621,65732.30492660766,271.3186666666667,448.36949556,True,13.398218761612842,2
13,1980,2737,0.0,6582.14,9786.26,6582.14,0.0,26313.39,0.0,8976.65,809.61,1.028,3.5086,0.8015,2364026.0,0.3719,360.48,1,1532.45,1995.0,192.714,1036879.99,1036823.82,0.0,0,0.64,0.0,0.0,44.8987,1.2842,239.5479,0.651,3.997695278435281,0.817,49332.30424862601,219.40466666666669,241.37187692,True,14.858561211611276,2
5,1600,2580,0.0,480.0,7892.41,7301.09,4849.0,32381.0,21375.68,7162.08,927.93,1.1804,3.2794,0.3929,2378533.0,0.2437,199.75,31,1201.74,2005.0,176.6755,951849.4,846321.9,31637.1816,1,8.2857,0.0,29.8046,105.8029,2.9588,315.2418,0.0,4.435091198711425,0.656,58978.70147514652,243.36966666666663,229.94345748,True,13.393185695315156,2
13,1980,2580,,4254.04,9652.14,4254.04,4254.04,21716.61,21716.61,8905.48,746.66,1.2014,3.1375,0.3007,732721.5,0.4445,132.77,1,585.0,2016.0,287.9779,883560.83,882412.98,0.0,0,1.3488,0.0,0.0,73.5485,0.6191,363.2864,1.1409,5.104937894331036,0.72,38171.39295321788,141.80133333333333,260.83378844,True,11.635792879275357,2
5,1950,2502,,11353.81,15893.69,11353.81,3160.22,46668.56,13378.68,14660.29,1634.82,0.9539,3.7457,0.2574,5462029.0,0.3406,557.4,1,2330.1,2020.0,170.9591,1418732.38,1168850.78,10284.6201,2,1.0893,15.572,8.9958,131.5176,0.5654,330.1575,2.5476,4.110387614377905,0.602,86792.99248067259,378.4603333333333,402.1599181,True,14.451191851644875,2
13,1976,3012,0.0,7564.07,17340.44,12478.53,0.0,57114.34,0.0,15524.32,1816.12,0.5449,1.2408,0.1643,2988648.0,0.3036,323.47,19,10000.0,2020.0,105.8237,1623601.47,1623568.03,0.0,0,1.9672,0.0,0.0,44.3832,0.6463,151.1445,0.2914,4.577008670091749,1.229,103154.63296399477,415.951,214.25287328,True,12.977908560267004,2
13,1980,2555,,5644.4,11237.74,5644.4,0.0,24116.13,0.0,10309.16,928.58,0.8771,2.9522,0.4677,2291744.0,0.466,415.86,1,1051.78,2010.0,167.3406,748661.65,729677.41,2497.1199,2,0.64,7.8873,0.0,36.7342,1.2745,214.675,1.4385,4.272576358868968,0.773,44375.3135430301,188.14666666666665,235.6703622400001,True,13.90261870374724,2
12,1982,2581,0.0,902.08,2122.38,902.08,0.0,4419.57,0.0,1978.38,146.28,1.2746,3.6729,0.2486,267485.73,0.4802,0.02,0,189.0,2004.0,646.25,968899.72,968899.72,3.4146,0,3.44,0.0,0.0,14.52,0.0,661.59,0.82,4.8993104824405815,1.662,7858.4681640054605,30.069333333333336,61.1782992,True,12.124155064859252,2
13,1880,2617,,5054.939,9323.4,5054.94,0.0,30701.97,0.0,8250.44,1430.41,1.1507,3.5085,0.1869,1619942.0,0.3037,262.83,19,1500.0,2013.0,212.3215,822463.97,822453.73,0.0,0,0.64,0.0,0.0,38.2849,0.0,250.9585,0.3521,6.073656660613183,0.766,51886.95817928417,168.498,290.24749586,True,9.779940375161592,2
5,1978,2617,0.0,6815.558,8647.11,6815.56,6815.56,27340.01,27340.01,8091.75,495.74,1.4366,1.2,0.2568,1837126.54,0.3163,246.11,19,1150.0,2019.0,75.6131,2190502.11,396357.1,82895.6703,2,8.0,92.3793,24.6541,37.3601,3.4045,269.3529,35.9419,4.0114106544436545,0.769,51206.01066607185,227.18533333333335,244.38992100000004,True,14.80775844632098,2
5,1887,2617,0.0,6896.1299,11724.57,6896.13,6451.15,27344.32,25277.87,10601.97,1116.61,1.823,5.0089,0.1072,2292474.89,0.4288,0.05,0,4244.0,1979.0,170.11,858159.67,858159.67,0.0,2,1.38663577225381,0.27,0.7,0.0,3.69,174.78,0.0,3.965168870076405,0.732,51385.87465389704,229.871,498.4075827799999,True,14.9804464693216,2
13,2017,2463,,9899.33,22721.46,9899.33,2290.82,54883.03,18452.31,21818.92,1203.14,1.292,3.5209,0.6617,784433.4,0.414,179.36,1,1660.23,2017.0,214.9442,1513462.7,1425297.17,20537.373,2,0.3024,2.6769,0.0828,47.8667,0.0,265.6152,0.0446,5.544115611864641,0.67,94604.18451737822,329.97766666666666,648.52360532,True,10.714062288470588,2
13,1960,2617,,12760.81,23780.52,14615.93,0.0,67265.1,0.0,21465.27,2626.6,1.0616,2.834,0.2985,5536376.0,0.3535,1251.81,1,1312.62,2022.0,180.3138,2051498.07,1849591.94,17933.668,2,1.5663,2.2946,0.0,47.8494,0.7909,231.8418,0.5931,4.602177213492402,0.702,121311.80397350094,487.1976666666667,604.6263006400001,True,12.906934532171958,2
11,1980,2687,0.0,8672.042,24192.72,8672.04,4284.48,54808.28,37266.57,22009.45,2183.27,0.6561,3.8259,0.1443,3991797.0,0.4414,1669.48,31,9139.09,2000.0,522.638,2655223.8,3032625.83,148609.3438,1,3.44,0.0,0.0,54.8555,0.0,583.4608,5.9672,6.320113837113297,0.669,91852.47445003844,289.06800000000004,455.8674567600001,True,9.398564888370885,2
13,1975,2589,1.0,5025.36,11317.52,5025.36,0.0,25179.95,0.0,14924.46,1096.41,0.9131,5.6204,0.1155,2463196.17,0.4495,0.05,19,600.0,2010.0,424.46,1662724.16,1662724.16,3.9695,0,0.478528243791849,0.0,0.0,83.63,0.0,511.28,3.19,5.010576356718723,0.78,44457.10025620194,167.512,395.7957438000001,True,11.854923619784786,2
13,1850,2463,0.0,7022.64,16344.86,7022.64,7022.64,61192.78,61192.78,15424.57,920.29,1.0897,2.4726,0.1304,4618556.0,0.2671,524.13,0,19282.98,2003.0,501.5901,2224144.46,2223566.62,83549.7969,2,1.1173,0.0,0.0,23.2902,0.0,525.3366,0.4564,8.713643302233917,0.631,96805.01472835631,234.088,381.6732596599998,True,6.8168959802120455,2
13,1900,2751,,6060.42,14106.05,6060.42,5807.88,43283.83,42056.96,12945.57,1160.48,1.0374,3.4827,0.122,2327496.0,0.3259,308.49,1,953.86,2000.0,273.694,1183283.89,1212491.03,5176.437,2,0.64,1.2569,0.0,40.5572,0.7608,317.4048,1.1357,7.142051210972177,0.731,70840.61948696626,202.014,349.42676028000005,True,8.316938404018314,2
13,1990,2948,0.0,4011.16,7438.8,4011.16,0.0,20563.55,0.0,6766.68,672.12,1.1723,3.5499,0.6993,1227402.0,0.3617,277.01,1,681.24,2020.0,285.2693,918217.93,917266.98,0.0,0,1.5989,0.0,0.0,30.4038,0.0,323.3477,7.6746,5.126584329720081,0.802,36108.74595453955,133.70533333333333,206.37075504,True,11.58666203063187,2
13,1851,2765,0.0,5001.34,10155.56,5407.3,0.0,29195.2,0.0,7988.43,919.36,1.3371,3.3392,0.2764,1187801.97,0.3479,0.08,1,812.0,2017.0,203.496,742646.99,742629.89,15020.83,0,0.5,0.0,0.0,28.5649,0.0,232.62,0.5495,5.399219573539474,0.675,50637.98913158884,180.24333333333337,275.0251333,True,11.00158998739519,2
13,1900,2751,,6263.26,10419.87,6263.26,99.97,31136.63,490.06,10047.79,372.08,0.9942,4.9546,0.0474,2639749.0,0.3346,175.52,1,867.38,2000.0,208.6446,964498.59,964498.59,0.0,0,1.272,0.0,0.21,46.0707,0.8706,255.796,0.0,4.971313660936956,0.738,55076.541072765765,208.77533333333335,236.66040772,True,11.948552043043836,2
5,1998,3012,0.0,6157.2,8865.58,6157.2,6157.2,25210.86,25210.86,6894.01,815.27,1.1212,4.2863,0.203,1561708.28,0.3517,0.05,19,900.0,2018.0,236.5094,1334071.61,1331239.1,34796.16,1,0.43,0.0,26.2383,72.2866,3.9709,357.22,18.2127,4.094533229389983,0.914,46943.4984834091,205.24,224.48111626,True,14.507148109981172,2
13,1980,2687,0.0,8618.26,20338.25,8618.26,4125.4,34969.2,17239.47,18902.47,1435.78,0.8689,3.556,0.2756,3814322.0,0.5816,649.77,31,9139.09,2000.0,291.743,1654994.67,1555526.95,54864.4531,1,3.4006,5.7395,0.0,51.698,0.7411,350.1686,0.247,4.057570785750255,0.619,65277.265270496784,287.2753333333333,430.59979725999995,True,14.639300984866685,2
